start-date,end-date,document-type,company-name,trading-symbol,filename
,31-12-2022,10K,Alphabet Inc.,GOOGL,GOOGQ2_2023
,30-06-2023,10K,Microsoft,MSFT,MSFTQ2_2023
,31-12-2022,10-K,"PepsiCo, Inc.",PEP,PEPSI_2022.pdf_index
,31-12-2022,10-K,UnitedHealth Group Incorporated,UNH,UHG_2022.pdf_index
,31-03-2022,10K,Tata Motors Limited,TCS,TCS_2022
,28-08-2022,10-K,Costco Wholesale Corporation,COST,COSTCO_2022.pdf_index
,31-12-2021,10K,"Netflix, Inc.",NFLX,NETFLIX_2022.pdf_index
,25-12-2022,10K,Potbelly Corporation,PBPB,POT_BELLY_2022.pdf_index
,25-12-2022,10K,"PAPA JOHN’S INTERNATIONAL, INC.",PZZA,papa_john_2022.pdf_index
,31-12-2022,10-K,The Company,Common Stock,lyft-2022.pdf_index
,31-12-2022,10-K,McDonalds Corporation,MCD,MACDONALDS_2022
,31-12-2022,10-K,Restaurant Brands International Inc.,QSR,BURGERKING_2022
,31-12-2022,10-K,"YUM! BRANDS INC.",YUM,YUM_2022
,01-10-2023,10-K,Starbucks Corporation,SBUX,STARBUCKS_2022
NA,30-09-2022,10-Q,"Celsius Holdings, Inc.",CELH,COCACOLA_2022.pdf_index
NA,30-09-2022,10-K,"Blue Cross",BCBS,BCBS_2022
NA,30-09-2022,10-K,"Dominos",DMS,dominos_2022
NA,30-09-2022,10-K,"cvs",CVS,cvs_2022.pdf_index